104.16.100.49,ku.ac.ae,13335
104.16.100.49,kirklands.com,13335
104.16.100.49,cumb.net,13335
104.16.100.49,cdn-goeuro.com,13335
104.16.100.49,mivaldi.com,13335
104.16.100.49,zeilreis.be,13335
104.16.100.49,akidoo.top,13335
104.16.100.49,ziperto.com,13335
104.16.100.49,abcr.de,13335
104.16.100.49,octacdn.com,13335
104.16.100.49,snapwi.re,13335
104.16.100.49,thememazing.com,13335
104.16.100.49,beeimg.com,13335
104.16.100.49,mangable.com,13335
104.16.100.49,uplod.net,13335
104.16.100.49,cairn-int.info,13335
104.16.100.49,ecp.gov.pk,13335
104.16.100.49,sezonlukdizi.org,13335
104.16.100.49,scholastic.com,13335
104.16.100.49,gupshupcorner.com,13335
104.16.100.49,redstation.com,13335
104.16.100.49,3pati.in,13335
104.16.100.49,nta.org.pk,13335
104.16.100.49,onlinefreecourse.net,13335
104.16.100.49,niche.com,13335
104.16.100.49,dizist.net,13335
104.16.100.49,extramovies.wiki,13335
104.16.100.49,skybet.com,13335
104.16.100.49,techsabir.com,13335
104.16.100.49,omio.com,13335
104.16.100.49,madcheddar.com,13335
104.16.100.49,wine-searcher.com,13335
104.16.100.49,edsurge.com,13335
104.16.100.49,stylight.co.uk,13335
104.16.100.49,3baocasino.com,13335
104.16.100.49,99acres.com,13335
104.16.100.49,zifaaf.com,13335
104.16.100.49,wuaki.tv,13335
104.16.100.49,xbet-3.com,13335
104.16.100.49,pahe.in,13335
104.16.100.49,betwinner1.com,13335
104.16.100.49,tainstruments.com,13335
104.16.100.49,wayfair.co.uk,13335
104.16.100.49,technicalking.co,13335
104.16.100.49,wethrift.com,13335
104.16.100.49,xsport.mobi,13335
104.16.100.49,myspace.com,13335
104.16.100.49,homeadvisor.com,13335
104.16.100.49,lufthansa.com,13335
104.16.100.49,1xbet.com,13335
104.16.100.49,appsonwindows.com,13335
104.16.100.49,ya888ya3.xyz,13335
104.16.100.49,spectre.ai,13335
104.16.100.49,idealista.pt,13335
104.16.100.49,uticacsd.org,13335
104.16.100.49,site123.com,13335
104.16.100.49,nadra.gov.pk,13335
104.16.100.49,windowsdefender.site,13335
104.16.100.49,faridagupta.com,13335
104.16.100.49,extratapeta.hu,13335
104.16.100.49,kindle.com,13335
104.16.100.49,adbtc.top,13335
104.16.100.49,miradetodo.co,13335
104.16.100.49,paddypower.com,13335
104.16.100.49,kustar.ac.ae,13335
104.16.100.49,xbet-4.com,13335
104.16.100.49,clipwatching.com,13335
104.16.100.49,ustreamix.su,13335
104.16.100.49,wearefdvm.com,13335
104.16.100.49,sports24.club,13335
104.16.100.49,gifng.com,13335
104.16.100.49,goeuro.de,13335
104.16.100.49,whirlpool.net.au,13335
104.16.100.49,photonpro.co.uk,13335
104.16.100.49,pagesdor.be,13335
104.16.100.49,menulog.com.au,13335
104.16.100.49,dailyqudrat.pk,13335
104.16.100.49,nzxt.com,13335
104.16.100.49,22000-tools.com,13335
104.16.100.49,hostingspeed.net,13335
104.16.100.49,registrarcorp.com,13335
104.16.100.49,downloadly.ir,13335
104.16.100.49,exness.com,13335
104.16.100.49,controller.com,13335
104.16.100.49,ifjyo.com,13335
104.16.100.49,janefonda.com,13335
104.16.100.49,wearthecanvas.com,13335
104.16.100.49,endomondo.com,13335
104.16.100.49,foodpanda.com.bd,13335
104.16.100.49,aleflab.biz,13335
104.16.100.49,origamitutorials.com,13335
104.16.100.49,bankrollbucks.com,13335
104.16.100.49,cpu-world.com,13335
104.16.100.49,imeem.com,13335
104.16.100.49,adkengage.com,13335
104.16.100.49,dualmine.com,13335
104.16.100.49,szabist.ac.ae,13335
104.16.100.49,youmeandtrends.com,13335
104.16.100.49,fatjokes.in,13335
104.16.100.49,vividseats.com,13335
104.16.100.49,riphah.edu.pk,13335
104.16.100.49,superpay.me,13335
104.16.100.49,bitstarz.com,13335
104.16.100.49,highlow.net,13335
104.16.100.49,mediaget.com,13335
104.16.100.49,xbet-5.com,13335
104.16.100.49,x-sport.mobi,13335
104.16.100.49,betwinner1.mobi,13335
104.16.100.49,movieeater.site,13335
104.16.100.49,freeletics.com,13335
104.16.100.49,michaels.com,13335
104.16.100.49,myeventarticle.com,13335
104.16.100.49,stadtbranchenbuch.com,13335
104.16.100.49,fixkgsvo.ru,13335
104.16.100.49,miradetodo.net,13335
104.16.100.49,14slot78.win,13335
104.16.100.49,opendi.de,13335
104.16.100.49,gozaida.com,13335
104.16.100.49,themeslide.com,13335
104.16.100.49,cru.org,13335
104.16.100.49,futureblog2338.com,13335
104.16.100.49,apkpure.com,13335
104.16.100.49,iqoption.org,13335
104.16.100.49,baocasino.com,13335
104.16.100.49,ticketek.com.au,13335
104.16.100.49,aryzap.com,13335
104.16.100.49,eluta.ca,13335
104.16.100.49,ticketmaster.com,13335
104.16.100.49,cairn.info,13335
104.16.100.49,purplle.com,13335
104.16.100.49,braquopronos.com,13335
104.16.100.49,netacuity.com,13335
104.16.100.49,sezonlukdizi.vip,13335
104.16.100.49,brainly.com,13335
104.16.100.49,awehobrasp.live,13335
104.16.100.49,g2.com,13335
104.16.100.49,drupal.org,13335
104.16.100.49,askvg.com,13335
104.16.100.49,pbnrhm.org,13335
104.16.100.49,yabancidizi.vip,13335
104.16.100.49,webzaim.su,13335
104.16.100.49,sonyliv.com,13335
104.16.100.49,citywire.co.uk,13335
104.16.100.49,dnspark.net,13335
104.16.100.49,offernation.com,13335
104.16.100.49,thewpclub.net,13335
104.16.100.49,libero.it,13335
104.16.100.49,1xbet60.com,13335
104.16.100.49,onlinecoursebay.com,13335
104.16.100.49,800flower.ae,13335
104.16.100.49,jackwithyou.in,13335
104.16.100.49,mes.gov.pk,13335
104.16.100.49,priceline.com.au,13335
104.16.100.49,appclick.co,13335
104.16.100.49,goeuro.com,13335
104.16.100.49,watchpk.pk,13335
104.16.100.49,menulog.co.nz,13335
104.16.100.49,darkville.tv,13335
104.16.100.49,dizist.pw,13335
104.16.100.49,rakuten.tv,13335
104.16.100.49,br8856.com,13335
104.16.100.49,psca.gop.pk,13335
104.16.100.49,adview.online,13335
104.16.100.49,1xbet61.com,13335
104.16.100.49,craigslist.org,13335
104.16.100.49,y-api.org,13335
104.16.100.49,careerone.com.au,13335
104.16.100.49,tradeford.com,13335
104.16.100.49,onlinebook4u.com,13335
104.16.100.49,octaglobal.com,13335
104.16.100.49,hungrygowhere.com,13335
104.16.100.49,yabancidizi.org,13335
104.16.100.49,housedownload.com,13335
104.16.100.49,indiankanoon.org,13335
104.16.100.49,paisaandtech.com,13335
104.16.100.49,cocktailsrecipes.site,13335
104.16.100.49,optimix.asia,13335
104.16.100.49,socialblade.com,13335
104.16.100.49,amazfit.com,13335
104.16.100.49,psughooy.com,13335
104.16.100.49,office365.cm,13335
104.16.100.49,mixchatroom.com,13335
104.16.100.49,ignite.org.pk,13335
104.16.100.49,prada.com,13335
104.16.100.49,wi-tribe.ph,13335
104.16.100.49,search-hub.co,13335
104.16.100.49,takefile.link,13335
104.16.100.49,property24.com.ng,13335
104.16.100.49,azureegde.net,13335
104.16.100.49,whois.com,13335
104.16.100.49,script-stack.com,13335
104.16.100.49,rgdoi.net,13335
104.16.100.49,ictsystems.com.pk,13335
104.16.100.49,axs.com,13335
104.16.100.49,ycapi.org,13335
104.16.100.49,a53535.com,13335
104.16.100.49,ohmchoicechi.online,13335
104.16.100.49,tedbaker.com,13335
104.16.100.49,rarejob.com.ph,13335
104.16.100.49,darkmp3.su,13335
104.16.100.49,leboncoin.fr,13335
104.16.100.49,howtobetrendy.com,13335
104.16.100.49,depop.com,13335
104.16.100.49,supereva.it,13335
104.16.100.49,g2crowd.com,13335
104.16.100.49,abebooks.com,13335
104.16.100.49,skipthedishes.com,13335
104.16.100.49,flamingmargarita.club,13335
104.16.100.49,iqbroker.co,13335
104.16.100.49,stylight.com,13335
104.16.100.49,mp3co.biz,13335
104.16.100.49,diycraftsdecors.com,13335
116.202.120.183,ku.ac.ae,24940
116.202.120.183,kirklands.com,24940
116.202.120.183,cumb.net,24940
116.202.120.183,cdn-goeuro.com,24940
116.202.120.183,mivaldi.com,24940
116.202.120.183,zeilreis.be,24940
116.202.120.183,akidoo.top,24940
116.202.120.183,ziperto.com,24940
116.202.120.183,abcr.de,24940
116.202.120.183,octacdn.com,24940
116.202.120.183,snapwi.re,24940
116.202.120.183,thememazing.com,24940
116.202.120.183,beeimg.com,24940
116.202.120.183,mangable.com,24940
116.202.120.183,uplod.net,24940
116.202.120.183,cairn-int.info,24940
116.202.120.183,ecp.gov.pk,24940
116.202.120.183,sezonlukdizi.org,24940
116.202.120.183,scholastic.com,24940
116.202.120.183,gupshupcorner.com,24940
116.202.120.183,redstation.com,24940
116.202.120.183,3pati.in,24940
116.202.120.183,nta.org.pk,24940
116.202.120.183,onlinefreecourse.net,24940
116.202.120.183,niche.com,24940
116.202.120.183,dizist.net,24940
116.202.120.183,extramovies.wiki,24940
116.202.120.183,skybet.com,24940
116.202.120.183,techsabir.com,24940
116.202.120.183,omio.com,24940
116.202.120.183,madcheddar.com,24940
116.202.120.183,wine-searcher.com,24940
116.202.120.183,edsurge.com,24940
116.202.120.183,stylight.co.uk,24940
116.202.120.183,3baocasino.com,24940
116.202.120.183,99acres.com,24940
116.202.120.183,zifaaf.com,24940
116.202.120.183,wuaki.tv,24940
116.202.120.183,xbet-3.com,24940
116.202.120.183,pahe.in,24940
116.202.120.183,betwinner1.com,24940
116.202.120.183,tainstruments.com,24940
116.202.120.183,wayfair.co.uk,24940
116.202.120.183,technicalking.co,24940
116.202.120.183,wethrift.com,24940
116.202.120.183,xsport.mobi,24940
116.202.120.183,myspace.com,24940
116.202.120.183,homeadvisor.com,24940
116.202.120.183,lufthansa.com,24940
116.202.120.183,1xbet.com,24940
116.202.120.183,appsonwindows.com,24940
116.202.120.183,ya888ya3.xyz,24940
116.202.120.183,spectre.ai,24940
116.202.120.183,idealista.pt,24940
116.202.120.183,uticacsd.org,24940
116.202.120.183,site123.com,24940
116.202.120.183,nadra.gov.pk,24940
116.202.120.183,windowsdefender.site,24940
116.202.120.183,faridagupta.com,24940
116.202.120.183,extratapeta.hu,24940
116.202.120.183,kindle.com,24940
116.202.120.183,adbtc.top,24940
116.202.120.183,miradetodo.co,24940
116.202.120.183,paddypower.com,24940
116.202.120.183,kustar.ac.ae,24940
116.202.120.183,xbet-4.com,24940
116.202.120.183,clipwatching.com,24940
116.202.120.183,ustreamix.su,24940
116.202.120.183,wearefdvm.com,24940
116.202.120.183,sports24.club,24940
116.202.120.183,gifng.com,24940
116.202.120.183,goeuro.de,24940
116.202.120.183,whirlpool.net.au,24940
116.202.120.183,photonpro.co.uk,24940
116.202.120.183,pagesdor.be,24940
116.202.120.183,menulog.com.au,24940
116.202.120.183,dailyqudrat.pk,24940
116.202.120.183,nzxt.com,24940
116.202.120.183,22000-tools.com,24940
116.202.120.183,hostingspeed.net,24940
116.202.120.183,registrarcorp.com,24940
116.202.120.183,downloadly.ir,24940
116.202.120.183,exness.com,24940
116.202.120.183,controller.com,24940
116.202.120.183,ifjyo.com,24940
116.202.120.183,janefonda.com,24940
116.202.120.183,wearthecanvas.com,24940
116.202.120.183,endomondo.com,24940
116.202.120.183,foodpanda.com.bd,24940
116.202.120.183,aleflab.biz,24940
116.202.120.183,origamitutorials.com,24940
116.202.120.183,bankrollbucks.com,24940
116.202.120.183,cpu-world.com,24940
116.202.120.183,imeem.com,24940
116.202.120.183,adkengage.com,24940
116.202.120.183,dualmine.com,24940
116.202.120.183,szabist.ac.ae,24940
116.202.120.183,youmeandtrends.com,24940
116.202.120.183,fatjokes.in,24940
116.202.120.183,vividseats.com,24940
116.202.120.183,riphah.edu.pk,24940
116.202.120.183,superpay.me,24940
116.202.120.183,bitstarz.com,24940
116.202.120.183,highlow.net,24940
116.202.120.183,mediaget.com,24940
116.202.120.183,xbet-5.com,24940
116.202.120.183,x-sport.mobi,24940
116.202.120.183,betwinner1.mobi,24940
116.202.120.183,movieeater.site,24940
116.202.120.183,freeletics.com,24940
116.202.120.183,michaels.com,24940
116.202.120.183,myeventarticle.com,24940
116.202.120.183,stadtbranchenbuch.com,24940
116.202.120.183,fixkgsvo.ru,24940
116.202.120.183,miradetodo.net,24940
116.202.120.183,14slot78.win,24940
116.202.120.183,opendi.de,24940
116.202.120.183,gozaida.com,24940
116.202.120.183,themeslide.com,24940
116.202.120.183,cru.org,24940
116.202.120.183,futureblog2338.com,24940
116.202.120.183,apkpure.com,24940
116.202.120.183,iqoption.org,24940
116.202.120.183,baocasino.com,24940
116.202.120.183,ticketek.com.au,24940
116.202.120.183,aryzap.com,24940
116.202.120.183,eluta.ca,24940
116.202.120.183,ticketmaster.com,24940
116.202.120.183,cairn.info,24940
116.202.120.183,purplle.com,24940
116.202.120.183,braquopronos.com,24940
116.202.120.183,netacuity.com,24940
116.202.120.183,sezonlukdizi.vip,24940
116.202.120.183,brainly.com,24940
116.202.120.183,awehobrasp.live,24940
116.202.120.183,g2.com,24940
116.202.120.183,drupal.org,24940
116.202.120.183,askvg.com,24940
116.202.120.183,pbnrhm.org,24940
116.202.120.183,yabancidizi.vip,24940
116.202.120.183,webzaim.su,24940
116.202.120.183,sonyliv.com,24940
116.202.120.183,citywire.co.uk,24940
116.202.120.183,dnspark.net,24940
116.202.120.183,offernation.com,24940
116.202.120.183,thewpclub.net,24940
116.202.120.183,libero.it,24940
116.202.120.183,1xbet60.com,24940
116.202.120.183,onlinecoursebay.com,24940
116.202.120.183,800flower.ae,24940
116.202.120.183,jackwithyou.in,24940
116.202.120.183,mes.gov.pk,24940
116.202.120.183,priceline.com.au,24940
116.202.120.183,appclick.co,24940
116.202.120.183,goeuro.com,24940
116.202.120.183,watchpk.pk,24940
116.202.120.183,menulog.co.nz,24940
116.202.120.183,darkville.tv,24940
116.202.120.183,dizist.pw,24940
116.202.120.183,rakuten.tv,24940
116.202.120.183,br8856.com,24940
116.202.120.183,psca.gop.pk,24940
116.202.120.183,adview.online,24940
116.202.120.183,1xbet61.com,24940
116.202.120.183,craigslist.org,24940
116.202.120.183,y-api.org,24940
116.202.120.183,careerone.com.au,24940
116.202.120.183,tradeford.com,24940
116.202.120.183,onlinebook4u.com,24940
116.202.120.183,octaglobal.com,24940
116.202.120.183,hungrygowhere.com,24940
116.202.120.183,yabancidizi.org,24940
116.202.120.183,housedownload.com,24940
116.202.120.183,indiankanoon.org,24940
116.202.120.183,paisaandtech.com,24940
116.202.120.183,cocktailsrecipes.site,24940
116.202.120.183,optimix.asia,24940
116.202.120.183,socialblade.com,24940
116.202.120.183,amazfit.com,24940
116.202.120.183,psughooy.com,24940
116.202.120.183,office365.cm,24940
116.202.120.183,mixchatroom.com,24940
116.202.120.183,ignite.org.pk,24940
116.202.120.183,prada.com,24940
116.202.120.183,wi-tribe.ph,24940
116.202.120.183,search-hub.co,24940
116.202.120.183,takefile.link,24940
116.202.120.183,property24.com.ng,24940
116.202.120.183,azureegde.net,24940
116.202.120.183,whois.com,24940
116.202.120.183,script-stack.com,24940
116.202.120.183,rgdoi.net,24940
116.202.120.183,ictsystems.com.pk,24940
116.202.120.183,axs.com,24940
116.202.120.183,ycapi.org,24940
116.202.120.183,a53535.com,24940
116.202.120.183,ohmchoicechi.online,24940
116.202.120.183,tedbaker.com,24940
116.202.120.183,rarejob.com.ph,24940
116.202.120.183,darkmp3.su,24940
116.202.120.183,leboncoin.fr,24940
116.202.120.183,howtobetrendy.com,24940
116.202.120.183,depop.com,24940
116.202.120.183,supereva.it,24940
116.202.120.183,g2crowd.com,24940
116.202.120.183,abebooks.com,24940
116.202.120.183,skipthedishes.com,24940
116.202.120.183,flamingmargarita.club,24940
116.202.120.183,iqbroker.co,24940
116.202.120.183,stylight.com,24940
116.202.120.183,mp3co.biz,24940
116.202.120.183,diycraftsdecors.com,24940
94.20.71.165,ku.ac.ae,29049
94.20.71.165,kirklands.com,29049
94.20.71.165,cumb.net,29049
94.20.71.165,cdn-goeuro.com,29049
94.20.71.165,mivaldi.com,29049
94.20.71.165,zeilreis.be,29049
94.20.71.165,akidoo.top,29049
94.20.71.165,ziperto.com,29049
94.20.71.165,abcr.de,29049
94.20.71.165,octacdn.com,29049
94.20.71.165,snapwi.re,29049
94.20.71.165,thememazing.com,29049
94.20.71.165,beeimg.com,29049
94.20.71.165,mangable.com,29049
94.20.71.165,uplod.net,29049
94.20.71.165,cairn-int.info,29049
94.20.71.165,ecp.gov.pk,29049
94.20.71.165,sezonlukdizi.org,29049
94.20.71.165,scholastic.com,29049
94.20.71.165,gupshupcorner.com,29049
94.20.71.165,redstation.com,29049
94.20.71.165,3pati.in,29049
94.20.71.165,nta.org.pk,29049
94.20.71.165,onlinefreecourse.net,29049
94.20.71.165,niche.com,29049
94.20.71.165,dizist.net,29049
94.20.71.165,extramovies.wiki,29049
94.20.71.165,skybet.com,29049
94.20.71.165,techsabir.com,29049
94.20.71.165,omio.com,29049
94.20.71.165,madcheddar.com,29049
94.20.71.165,wine-searcher.com,29049
94.20.71.165,edsurge.com,29049
94.20.71.165,stylight.co.uk,29049
94.20.71.165,3baocasino.com,29049
94.20.71.165,99acres.com,29049
94.20.71.165,zifaaf.com,29049
94.20.71.165,wuaki.tv,29049
94.20.71.165,xbet-3.com,29049
94.20.71.165,pahe.in,29049
94.20.71.165,betwinner1.com,29049
94.20.71.165,tainstruments.com,29049
94.20.71.165,wayfair.co.uk,29049
94.20.71.165,technicalking.co,29049
94.20.71.165,wethrift.com,29049
94.20.71.165,xsport.mobi,29049
94.20.71.165,myspace.com,29049
94.20.71.165,homeadvisor.com,29049
94.20.71.165,lufthansa.com,29049
94.20.71.165,1xbet.com,29049
94.20.71.165,appsonwindows.com,29049
94.20.71.165,ya888ya3.xyz,29049
94.20.71.165,spectre.ai,29049
94.20.71.165,idealista.pt,29049
94.20.71.165,uticacsd.org,29049
94.20.71.165,site123.com,29049
94.20.71.165,nadra.gov.pk,29049
94.20.71.165,windowsdefender.site,29049
94.20.71.165,faridagupta.com,29049
94.20.71.165,extratapeta.hu,29049
94.20.71.165,kindle.com,29049
94.20.71.165,adbtc.top,29049
94.20.71.165,miradetodo.co,29049
94.20.71.165,paddypower.com,29049
94.20.71.165,kustar.ac.ae,29049
94.20.71.165,xbet-4.com,29049
94.20.71.165,clipwatching.com,29049
94.20.71.165,ustreamix.su,29049
94.20.71.165,wearefdvm.com,29049
94.20.71.165,sports24.club,29049
94.20.71.165,gifng.com,29049
94.20.71.165,goeuro.de,29049
94.20.71.165,whirlpool.net.au,29049
94.20.71.165,photonpro.co.uk,29049
94.20.71.165,pagesdor.be,29049
94.20.71.165,menulog.com.au,29049
94.20.71.165,dailyqudrat.pk,29049
94.20.71.165,nzxt.com,29049
94.20.71.165,22000-tools.com,29049
94.20.71.165,hostingspeed.net,29049
94.20.71.165,registrarcorp.com,29049
94.20.71.165,downloadly.ir,29049
94.20.71.165,exness.com,29049
94.20.71.165,controller.com,29049
94.20.71.165,ifjyo.com,29049
94.20.71.165,janefonda.com,29049
94.20.71.165,wearthecanvas.com,29049
94.20.71.165,endomondo.com,29049
94.20.71.165,foodpanda.com.bd,29049
94.20.71.165,aleflab.biz,29049
94.20.71.165,origamitutorials.com,29049
94.20.71.165,bankrollbucks.com,29049
94.20.71.165,cpu-world.com,29049
94.20.71.165,imeem.com,29049
94.20.71.165,adkengage.com,29049
94.20.71.165,dualmine.com,29049
94.20.71.165,szabist.ac.ae,29049
94.20.71.165,youmeandtrends.com,29049
94.20.71.165,fatjokes.in,29049
94.20.71.165,vividseats.com,29049
94.20.71.165,riphah.edu.pk,29049
94.20.71.165,superpay.me,29049
94.20.71.165,bitstarz.com,29049
94.20.71.165,highlow.net,29049
94.20.71.165,mediaget.com,29049
94.20.71.165,xbet-5.com,29049
94.20.71.165,x-sport.mobi,29049
94.20.71.165,betwinner1.mobi,29049
94.20.71.165,movieeater.site,29049
94.20.71.165,freeletics.com,29049
94.20.71.165,michaels.com,29049
94.20.71.165,myeventarticle.com,29049
94.20.71.165,stadtbranchenbuch.com,29049
94.20.71.165,fixkgsvo.ru,29049
94.20.71.165,miradetodo.net,29049
94.20.71.165,14slot78.win,29049
94.20.71.165,opendi.de,29049
94.20.71.165,gozaida.com,29049
94.20.71.165,themeslide.com,29049
94.20.71.165,cru.org,29049
94.20.71.165,futureblog2338.com,29049
94.20.71.165,apkpure.com,29049
94.20.71.165,iqoption.org,29049
94.20.71.165,baocasino.com,29049
94.20.71.165,ticketek.com.au,29049
94.20.71.165,aryzap.com,29049
94.20.71.165,eluta.ca,29049
94.20.71.165,ticketmaster.com,29049
94.20.71.165,cairn.info,29049
94.20.71.165,purplle.com,29049
94.20.71.165,braquopronos.com,29049
94.20.71.165,netacuity.com,29049
94.20.71.165,sezonlukdizi.vip,29049
94.20.71.165,brainly.com,29049
94.20.71.165,awehobrasp.live,29049
94.20.71.165,g2.com,29049
94.20.71.165,drupal.org,29049
94.20.71.165,askvg.com,29049
94.20.71.165,pbnrhm.org,29049
94.20.71.165,yabancidizi.vip,29049
94.20.71.165,webzaim.su,29049
94.20.71.165,sonyliv.com,29049
94.20.71.165,citywire.co.uk,29049
94.20.71.165,dnspark.net,29049
94.20.71.165,offernation.com,29049
94.20.71.165,thewpclub.net,29049
94.20.71.165,libero.it,29049
94.20.71.165,1xbet60.com,29049
94.20.71.165,onlinecoursebay.com,29049
94.20.71.165,800flower.ae,29049
94.20.71.165,jackwithyou.in,29049
94.20.71.165,mes.gov.pk,29049
94.20.71.165,priceline.com.au,29049
94.20.71.165,appclick.co,29049
94.20.71.165,goeuro.com,29049
94.20.71.165,watchpk.pk,29049
94.20.71.165,menulog.co.nz,29049
94.20.71.165,darkville.tv,29049
94.20.71.165,dizist.pw,29049
94.20.71.165,rakuten.tv,29049
94.20.71.165,br8856.com,29049
94.20.71.165,psca.gop.pk,29049
94.20.71.165,adview.online,29049
94.20.71.165,1xbet61.com,29049
94.20.71.165,craigslist.org,29049
94.20.71.165,y-api.org,29049
94.20.71.165,careerone.com.au,29049
94.20.71.165,tradeford.com,29049
94.20.71.165,onlinebook4u.com,29049
94.20.71.165,octaglobal.com,29049
94.20.71.165,hungrygowhere.com,29049
94.20.71.165,yabancidizi.org,29049
94.20.71.165,housedownload.com,29049
94.20.71.165,indiankanoon.org,29049
94.20.71.165,paisaandtech.com,29049
94.20.71.165,cocktailsrecipes.site,29049
94.20.71.165,optimix.asia,29049
94.20.71.165,socialblade.com,29049
94.20.71.165,amazfit.com,29049
94.20.71.165,psughooy.com,29049
94.20.71.165,office365.cm,29049
94.20.71.165,mixchatroom.com,29049
94.20.71.165,ignite.org.pk,29049
94.20.71.165,prada.com,29049
94.20.71.165,wi-tribe.ph,29049
94.20.71.165,search-hub.co,29049
94.20.71.165,takefile.link,29049
94.20.71.165,property24.com.ng,29049
94.20.71.165,azureegde.net,29049
94.20.71.165,whois.com,29049
94.20.71.165,script-stack.com,29049
94.20.71.165,rgdoi.net,29049
94.20.71.165,ictsystems.com.pk,29049
94.20.71.165,axs.com,29049
94.20.71.165,ycapi.org,29049
94.20.71.165,a53535.com,29049
94.20.71.165,ohmchoicechi.online,29049
94.20.71.165,tedbaker.com,29049
94.20.71.165,rarejob.com.ph,29049
94.20.71.165,darkmp3.su,29049
94.20.71.165,leboncoin.fr,29049
94.20.71.165,howtobetrendy.com,29049
94.20.71.165,depop.com,29049
94.20.71.165,supereva.it,29049
94.20.71.165,g2crowd.com,29049
94.20.71.165,abebooks.com,29049
94.20.71.165,skipthedishes.com,29049
94.20.71.165,flamingmargarita.club,29049
94.20.71.165,iqbroker.co,29049
94.20.71.165,stylight.com,29049
94.20.71.165,mp3co.biz,29049
94.20.71.165,diycraftsdecors.com,29049
46.32.168.255,ku.ac.ae,211790
46.32.168.255,kirklands.com,211790
46.32.168.255,cumb.net,211790
46.32.168.255,cdn-goeuro.com,211790
46.32.168.255,mivaldi.com,211790
46.32.168.255,zeilreis.be,211790
46.32.168.255,akidoo.top,211790
46.32.168.255,ziperto.com,211790
46.32.168.255,abcr.de,211790
46.32.168.255,octacdn.com,211790
46.32.168.255,snapwi.re,211790
46.32.168.255,thememazing.com,211790
46.32.168.255,beeimg.com,211790
46.32.168.255,mangable.com,211790
46.32.168.255,uplod.net,211790
46.32.168.255,cairn-int.info,211790
46.32.168.255,ecp.gov.pk,211790
46.32.168.255,sezonlukdizi.org,211790
46.32.168.255,scholastic.com,211790
46.32.168.255,gupshupcorner.com,211790
46.32.168.255,redstation.com,211790
46.32.168.255,3pati.in,211790
46.32.168.255,nta.org.pk,211790
46.32.168.255,onlinefreecourse.net,211790
46.32.168.255,niche.com,211790
46.32.168.255,dizist.net,211790
46.32.168.255,extramovies.wiki,211790
46.32.168.255,skybet.com,211790
46.32.168.255,techsabir.com,211790
46.32.168.255,omio.com,211790
46.32.168.255,madcheddar.com,211790
46.32.168.255,wine-searcher.com,211790
46.32.168.255,edsurge.com,211790
46.32.168.255,stylight.co.uk,211790
46.32.168.255,3baocasino.com,211790
46.32.168.255,99acres.com,211790
46.32.168.255,zifaaf.com,211790
46.32.168.255,wuaki.tv,211790
46.32.168.255,xbet-3.com,211790
46.32.168.255,pahe.in,211790
46.32.168.255,betwinner1.com,211790
46.32.168.255,tainstruments.com,211790
46.32.168.255,wayfair.co.uk,211790
46.32.168.255,technicalking.co,211790
46.32.168.255,wethrift.com,211790
46.32.168.255,xsport.mobi,211790
46.32.168.255,myspace.com,211790
46.32.168.255,homeadvisor.com,211790
46.32.168.255,lufthansa.com,211790
46.32.168.255,1xbet.com,211790
46.32.168.255,appsonwindows.com,211790
46.32.168.255,ya888ya3.xyz,211790
46.32.168.255,spectre.ai,211790
46.32.168.255,idealista.pt,211790
46.32.168.255,uticacsd.org,211790
46.32.168.255,site123.com,211790
46.32.168.255,nadra.gov.pk,211790
46.32.168.255,windowsdefender.site,211790
46.32.168.255,faridagupta.com,211790
46.32.168.255,extratapeta.hu,211790
46.32.168.255,kindle.com,211790
46.32.168.255,adbtc.top,211790
46.32.168.255,miradetodo.co,211790
46.32.168.255,paddypower.com,211790
46.32.168.255,kustar.ac.ae,211790
46.32.168.255,xbet-4.com,211790
46.32.168.255,clipwatching.com,211790
46.32.168.255,ustreamix.su,211790
46.32.168.255,wearefdvm.com,211790
46.32.168.255,sports24.club,211790
46.32.168.255,gifng.com,211790
46.32.168.255,goeuro.de,211790
46.32.168.255,whirlpool.net.au,211790
46.32.168.255,photonpro.co.uk,211790
46.32.168.255,pagesdor.be,211790
46.32.168.255,menulog.com.au,211790
46.32.168.255,dailyqudrat.pk,211790
46.32.168.255,nzxt.com,211790
46.32.168.255,22000-tools.com,211790
46.32.168.255,hostingspeed.net,211790
46.32.168.255,registrarcorp.com,211790
46.32.168.255,downloadly.ir,211790
46.32.168.255,exness.com,211790
46.32.168.255,controller.com,211790
46.32.168.255,ifjyo.com,211790
46.32.168.255,janefonda.com,211790
46.32.168.255,wearthecanvas.com,211790
46.32.168.255,endomondo.com,211790
46.32.168.255,foodpanda.com.bd,211790
46.32.168.255,aleflab.biz,211790
46.32.168.255,origamitutorials.com,211790
46.32.168.255,bankrollbucks.com,211790
46.32.168.255,cpu-world.com,211790
46.32.168.255,imeem.com,211790
46.32.168.255,adkengage.com,211790
46.32.168.255,dualmine.com,211790
46.32.168.255,szabist.ac.ae,211790
46.32.168.255,youmeandtrends.com,211790
46.32.168.255,fatjokes.in,211790
46.32.168.255,vividseats.com,211790
46.32.168.255,riphah.edu.pk,211790
46.32.168.255,superpay.me,211790
46.32.168.255,bitstarz.com,211790
46.32.168.255,highlow.net,211790
46.32.168.255,mediaget.com,211790
46.32.168.255,xbet-5.com,211790
46.32.168.255,x-sport.mobi,211790
46.32.168.255,betwinner1.mobi,211790
46.32.168.255,movieeater.site,211790
46.32.168.255,freeletics.com,211790
46.32.168.255,michaels.com,211790
46.32.168.255,myeventarticle.com,211790
46.32.168.255,stadtbranchenbuch.com,211790
46.32.168.255,fixkgsvo.ru,211790
46.32.168.255,miradetodo.net,211790
46.32.168.255,14slot78.win,211790
46.32.168.255,opendi.de,211790
46.32.168.255,gozaida.com,211790
46.32.168.255,themeslide.com,211790
46.32.168.255,cru.org,211790
46.32.168.255,futureblog2338.com,211790
46.32.168.255,apkpure.com,211790
46.32.168.255,iqoption.org,211790
46.32.168.255,baocasino.com,211790
46.32.168.255,ticketek.com.au,211790
46.32.168.255,aryzap.com,211790
46.32.168.255,eluta.ca,211790
46.32.168.255,ticketmaster.com,211790
46.32.168.255,cairn.info,211790
46.32.168.255,purplle.com,211790
46.32.168.255,braquopronos.com,211790
46.32.168.255,netacuity.com,211790
46.32.168.255,sezonlukdizi.vip,211790
46.32.168.255,brainly.com,211790
46.32.168.255,awehobrasp.live,211790
46.32.168.255,g2.com,211790
46.32.168.255,drupal.org,211790
46.32.168.255,askvg.com,211790
46.32.168.255,pbnrhm.org,211790
46.32.168.255,yabancidizi.vip,211790
46.32.168.255,webzaim.su,211790
46.32.168.255,sonyliv.com,211790
46.32.168.255,citywire.co.uk,211790
46.32.168.255,dnspark.net,211790
46.32.168.255,offernation.com,211790
46.32.168.255,thewpclub.net,211790
46.32.168.255,libero.it,211790
46.32.168.255,1xbet60.com,211790
46.32.168.255,onlinecoursebay.com,211790
46.32.168.255,800flower.ae,211790
46.32.168.255,jackwithyou.in,211790
46.32.168.255,mes.gov.pk,211790
46.32.168.255,priceline.com.au,211790
46.32.168.255,appclick.co,211790
46.32.168.255,goeuro.com,211790
46.32.168.255,watchpk.pk,211790
46.32.168.255,menulog.co.nz,211790
46.32.168.255,darkville.tv,211790
46.32.168.255,dizist.pw,211790
46.32.168.255,rakuten.tv,211790
46.32.168.255,br8856.com,211790
46.32.168.255,psca.gop.pk,211790
46.32.168.255,adview.online,211790
46.32.168.255,1xbet61.com,211790
46.32.168.255,craigslist.org,211790
46.32.168.255,y-api.org,211790
46.32.168.255,careerone.com.au,211790
46.32.168.255,tradeford.com,211790
46.32.168.255,onlinebook4u.com,211790
46.32.168.255,octaglobal.com,211790
46.32.168.255,hungrygowhere.com,211790
46.32.168.255,yabancidizi.org,211790
46.32.168.255,housedownload.com,211790
46.32.168.255,indiankanoon.org,211790
46.32.168.255,paisaandtech.com,211790
46.32.168.255,cocktailsrecipes.site,211790
46.32.168.255,optimix.asia,211790
46.32.168.255,socialblade.com,211790
46.32.168.255,amazfit.com,211790
46.32.168.255,psughooy.com,211790
46.32.168.255,office365.cm,211790
46.32.168.255,mixchatroom.com,211790
46.32.168.255,ignite.org.pk,211790
46.32.168.255,prada.com,211790
46.32.168.255,wi-tribe.ph,211790
46.32.168.255,search-hub.co,211790
46.32.168.255,takefile.link,211790
46.32.168.255,property24.com.ng,211790
46.32.168.255,azureegde.net,211790
46.32.168.255,whois.com,211790
46.32.168.255,script-stack.com,211790
46.32.168.255,rgdoi.net,211790
46.32.168.255,ictsystems.com.pk,211790
46.32.168.255,axs.com,211790
46.32.168.255,ycapi.org,211790
46.32.168.255,a53535.com,211790
46.32.168.255,ohmchoicechi.online,211790
46.32.168.255,tedbaker.com,211790
46.32.168.255,rarejob.com.ph,211790
46.32.168.255,darkmp3.su,211790
46.32.168.255,leboncoin.fr,211790
46.32.168.255,howtobetrendy.com,211790
46.32.168.255,depop.com,211790
46.32.168.255,supereva.it,211790
46.32.168.255,g2crowd.com,211790
46.32.168.255,abebooks.com,211790
46.32.168.255,skipthedishes.com,211790
46.32.168.255,flamingmargarita.club,211790
46.32.168.255,iqbroker.co,211790
46.32.168.255,stylight.com,211790
46.32.168.255,mp3co.biz,211790
46.32.168.255,diycraftsdecors.com,211790
