104.16.100.49,lovepanky.com,13335
104.16.100.49,shoosh.co,13335
104.16.100.49,titan.co.in,13335
104.16.100.49,code.org,13335
104.16.100.49,attn.tv,13335
104.16.100.49,letmejerk.com,13335
104.16.100.49,de-sexy-tube.ru,13335
104.16.100.49,indian-xnxx.pro,13335
104.16.100.49,dscgirls.vip,13335
104.16.100.49,nucleearrivearly.pro,13335
104.16.100.49,11k.online,13335
104.16.100.49,adult-empire.com,13335
104.16.100.49,schoolofsquirt.com,13335
104.16.100.49,hotdesigirlsfuck.com,13335
104.16.100.49,tenor.co,13335
104.16.100.49,onlineads.pk,13335
104.16.100.49,indianxxxvideo.org,13335
104.16.100.49,beardoholic.com,13335
104.16.100.49,zooredtube.com,13335
104.16.100.49,nyacademyofsex.com,13335
104.16.100.49,brotherpete.com,13335
104.16.100.49,nookthem.com,13335
104.16.100.49,coop.co.uk,13335
104.16.100.49,infinixmobility.com,13335
104.16.100.49,young-pussy.org,13335
104.16.100.49,hdsexmovies.xxx,13335
104.16.100.49,see.xxx,13335
104.16.100.49,itr2010.org,13335
104.16.100.49,turbobit.net,13335
104.16.100.49,zataz.com,13335
104.16.100.49,hqtube.xxx,13335
104.16.100.49,dobbyporn.com,13335
104.16.100.49,camvideos.tv,13335
104.16.100.49,serious-cash.com,13335
104.16.100.49,asianpornsushi.com,13335
104.16.100.49,empflix.com,13335
104.16.100.49,eteenporn.com,13335
104.16.100.49,ogaan.com,13335
104.16.100.49,amateurscrush.com,13335
104.16.100.49,megatube.xxx,13335
104.16.100.49,goldgay.tv,13335
104.16.100.49,shooshtime.com,13335
104.16.100.49,xhamster2.com,13335
104.16.100.49,trackedweb.net,13335
104.16.100.49,wallpapers.party,13335
104.16.100.49,xhamster11.com,13335
104.16.100.49,02c9.cn,13335
104.16.100.49,fastxxxpicssearch.com,13335
116.202.120.183,lovepanky.com,24940
116.202.120.183,shoosh.co,24940
116.202.120.183,titan.co.in,24940
116.202.120.183,code.org,24940
116.202.120.183,attn.tv,24940
116.202.120.183,letmejerk.com,24940
116.202.120.183,de-sexy-tube.ru,24940
116.202.120.183,indian-xnxx.pro,24940
116.202.120.183,dscgirls.vip,24940
116.202.120.183,nucleearrivearly.pro,24940
116.202.120.183,11k.online,24940
116.202.120.183,adult-empire.com,24940
116.202.120.183,schoolofsquirt.com,24940
116.202.120.183,hotdesigirlsfuck.com,24940
116.202.120.183,tenor.co,24940
116.202.120.183,onlineads.pk,24940
116.202.120.183,indianxxxvideo.org,24940
116.202.120.183,beardoholic.com,24940
116.202.120.183,zooredtube.com,24940
116.202.120.183,nyacademyofsex.com,24940
116.202.120.183,brotherpete.com,24940
116.202.120.183,nookthem.com,24940
116.202.120.183,coop.co.uk,24940
116.202.120.183,infinixmobility.com,24940
116.202.120.183,young-pussy.org,24940
116.202.120.183,hdsexmovies.xxx,24940
116.202.120.183,see.xxx,24940
116.202.120.183,itr2010.org,24940
116.202.120.183,turbobit.net,24940
116.202.120.183,zataz.com,24940
116.202.120.183,hqtube.xxx,24940
116.202.120.183,dobbyporn.com,24940
116.202.120.183,camvideos.tv,24940
116.202.120.183,serious-cash.com,24940
116.202.120.183,asianpornsushi.com,24940
116.202.120.183,empflix.com,24940
116.202.120.183,eteenporn.com,24940
116.202.120.183,ogaan.com,24940
116.202.120.183,amateurscrush.com,24940
116.202.120.183,megatube.xxx,24940
116.202.120.183,goldgay.tv,24940
116.202.120.183,shooshtime.com,24940
116.202.120.183,xhamster2.com,24940
116.202.120.183,trackedweb.net,24940
116.202.120.183,wallpapers.party,24940
116.202.120.183,xhamster11.com,24940
116.202.120.183,02c9.cn,24940
116.202.120.183,fastxxxpicssearch.com,24940
94.20.71.165,lovepanky.com,29049
94.20.71.165,shoosh.co,29049
94.20.71.165,titan.co.in,29049
94.20.71.165,code.org,29049
94.20.71.165,attn.tv,29049
94.20.71.165,letmejerk.com,29049
94.20.71.165,de-sexy-tube.ru,29049
94.20.71.165,indian-xnxx.pro,29049
94.20.71.165,dscgirls.vip,29049
94.20.71.165,nucleearrivearly.pro,29049
94.20.71.165,11k.online,29049
94.20.71.165,adult-empire.com,29049
94.20.71.165,schoolofsquirt.com,29049
94.20.71.165,hotdesigirlsfuck.com,29049
94.20.71.165,tenor.co,29049
94.20.71.165,onlineads.pk,29049
94.20.71.165,indianxxxvideo.org,29049
94.20.71.165,beardoholic.com,29049
94.20.71.165,zooredtube.com,29049
94.20.71.165,nyacademyofsex.com,29049
94.20.71.165,brotherpete.com,29049
94.20.71.165,nookthem.com,29049
94.20.71.165,coop.co.uk,29049
94.20.71.165,infinixmobility.com,29049
94.20.71.165,young-pussy.org,29049
94.20.71.165,hdsexmovies.xxx,29049
94.20.71.165,see.xxx,29049
94.20.71.165,itr2010.org,29049
94.20.71.165,turbobit.net,29049
94.20.71.165,zataz.com,29049
94.20.71.165,hqtube.xxx,29049
94.20.71.165,dobbyporn.com,29049
94.20.71.165,camvideos.tv,29049
94.20.71.165,serious-cash.com,29049
94.20.71.165,asianpornsushi.com,29049
94.20.71.165,empflix.com,29049
94.20.71.165,eteenporn.com,29049
94.20.71.165,ogaan.com,29049
94.20.71.165,amateurscrush.com,29049
94.20.71.165,megatube.xxx,29049
94.20.71.165,goldgay.tv,29049
94.20.71.165,shooshtime.com,29049
94.20.71.165,xhamster2.com,29049
94.20.71.165,trackedweb.net,29049
94.20.71.165,wallpapers.party,29049
94.20.71.165,xhamster11.com,29049
94.20.71.165,02c9.cn,29049
94.20.71.165,fastxxxpicssearch.com,29049
46.32.168.255,lovepanky.com,211790
46.32.168.255,shoosh.co,211790
46.32.168.255,titan.co.in,211790
46.32.168.255,code.org,211790
46.32.168.255,attn.tv,211790
46.32.168.255,letmejerk.com,211790
46.32.168.255,de-sexy-tube.ru,211790
46.32.168.255,indian-xnxx.pro,211790
46.32.168.255,dscgirls.vip,211790
46.32.168.255,nucleearrivearly.pro,211790
46.32.168.255,11k.online,211790
46.32.168.255,adult-empire.com,211790
46.32.168.255,schoolofsquirt.com,211790
46.32.168.255,hotdesigirlsfuck.com,211790
46.32.168.255,tenor.co,211790
46.32.168.255,onlineads.pk,211790
46.32.168.255,indianxxxvideo.org,211790
46.32.168.255,beardoholic.com,211790
46.32.168.255,zooredtube.com,211790
46.32.168.255,nyacademyofsex.com,211790
46.32.168.255,brotherpete.com,211790
46.32.168.255,nookthem.com,211790
46.32.168.255,coop.co.uk,211790
46.32.168.255,infinixmobility.com,211790
46.32.168.255,young-pussy.org,211790
46.32.168.255,hdsexmovies.xxx,211790
46.32.168.255,see.xxx,211790
46.32.168.255,itr2010.org,211790
46.32.168.255,turbobit.net,211790
46.32.168.255,zataz.com,211790
46.32.168.255,hqtube.xxx,211790
46.32.168.255,dobbyporn.com,211790
46.32.168.255,camvideos.tv,211790
46.32.168.255,serious-cash.com,211790
46.32.168.255,asianpornsushi.com,211790
46.32.168.255,empflix.com,211790
46.32.168.255,eteenporn.com,211790
46.32.168.255,ogaan.com,211790
46.32.168.255,amateurscrush.com,211790
46.32.168.255,megatube.xxx,211790
46.32.168.255,goldgay.tv,211790
46.32.168.255,shooshtime.com,211790
46.32.168.255,xhamster2.com,211790
46.32.168.255,trackedweb.net,211790
46.32.168.255,wallpapers.party,211790
46.32.168.255,xhamster11.com,211790
46.32.168.255,02c9.cn,211790
46.32.168.255,fastxxxpicssearch.com,211790
